{
  "images" : [
    {
      "filename" : "imgonline-com-ua-resize-xXdhXtIaYEAnJ.png",
      "idiom" : "iphone",
      "scale" : "2x",
      "size" : "20x20"
    },
    {
      "filename" : "imgonline-com-ua-resize-MIQb9Jl4VXf.png",
      "idiom" : "iphone",
      "scale" : "3x",
      "size" : "20x20"
    },
    {
      "filename" : "imgonline-com-ua-resize-7d7QGNzN8Plx9.png",
      "idiom" : "iphone",
      "scale" : "2x",
      "size" : "29x29"
    },
    {
      "filename" : "imgonline-com-ua-resize-PGg5EFDzdsHLYI.png",
      "idiom" : "iphone",
      "scale" : "3x",
      "size" : "29x29"
    },
    {
      "filename" : "imgonline-com-ua-resize-CG4k282heSKuVvQQ-1.png",
      "idiom" : "iphone",
      "scale" : "2x",
      "size" : "40x40"
    },
    {
      "filename" : "imgonline-com-ua-resize-piK42mnQ4RBU6.png",
      "idiom" : "iphone",
      "scale" : "3x",
      "size" : "40x40"
    },
    {
      "filename" : "imgonline-com-ua-resize-piK42mnQ4RBU6-1.png",
      "idiom" : "iphone",
      "scale" : "2x",
      "size" : "60x60"
    },
    {
      "filename" : "imgonline-com-ua-resize-bq76yGKgKI0iV.png",
      "idiom" : "iphone",
      "scale" : "3x",
      "size" : "60x60"
    },
    {
      "filename" : "imgonline-com-ua-resize-sieanstuS1C7xI.png",
      "idiom" : "ipad",
      "scale" : "1x",
      "size" : "20x20"
    },
    {
      "filename" : "imgonline-com-ua-resize-xXdhXtIaYEAnJ-1.png",
      "idiom" : "ipad",
      "scale" : "2x",
      "size" : "20x20"
    },
    {
      "filename" : "imgonline-com-ua-resize-RLEIvjC8ZAozVvn.png",
      "idiom" : "ipad",
      "scale" : "1x",
      "size" : "29x29"
    },
    {
      "filename" : "imgonline-com-ua-resize-7d7QGNzN8Plx9-1.png",
      "idiom" : "ipad",
      "scale" : "2x",
      "size" : "29x29"
    },
    {
      "filename" : "imgonline-com-ua-resize-xXdhXtIaYEAnJ-2.png",
      "idiom" : "ipad",
      "scale" : "1x",
      "size" : "40x40"
    },
    {
      "filename" : "imgonline-com-ua-resize-CG4k282heSKuVvQQ.png",
      "idiom" : "ipad",
      "scale" : "2x",
      "size" : "40x40"
    },
    {
      "filename" : "imgonline-com-ua-resize-Ezr1hAzaiVXs.png",
      "idiom" : "ipad",
      "scale" : "1x",
      "size" : "76x76"
    },
    {
      "filename" : "imgonline-com-ua-resize-wYgrXwvGpog40.png",
      "idiom" : "ipad",
      "scale" : "2x",
      "size" : "76x76"
    },
    {
      "filename" : "imgonline-com-ua-resize-I9XZwsK855EBCoN2.png",
      "idiom" : "ipad",
      "scale" : "2x",
      "size" : "83.5x83.5"
    },
    {
      "filename" : "imgonline-com-ua-resize-bVOmbsmjuuOg.png",
      "idiom" : "ios-marketing",
      "scale" : "1x",
      "size" : "1024x1024"
    }
  ],
  "info" : {
    "author" : "xcode",
    "version" : 1
  }
}
